{
  "Camera": {
    "imageshape": [
      960,
      720
    ],
    "intrinsic": [
      [
        1351.054931640625,
        0,
        962.79022216796875
      ],
      [
        0,
        1351.054931640625,
        721.35064697265625
      ],
      [
        0,
        0,
        1
      ]
    ],
    "extrinsic": [
      [
        -1,
        0,
        0,
        0
      ],
      [
        0,
        -1,
        0,
        0
      ],
      [
        0,
        0,
        1,
        0
      ],
      [
        0,
        0,
        0,
        1
      ]
    ]
  }
}